id,winner_model_a,winner_model_b,winner_tie
136060,0.192425469177976,0.23927817717049352,0.5682963536515305
211333,0.4143587430838304,0.40958084823329477,0.1760604086828747
1233961,0.19169673809591148,0.5132469265348009,0.2950563353692877
